{
    "name": "app0094-Intergration-runtime-s2",
    "properties": {
        "type": "Managed",
        "typeProperties": {
            "computeProperties": {
                "location": "West Europe",
                "nodeSize": "Standard_D2_v3",
                "numberOfNodes": 1,
                "maxParallelExecutionsPerNode": 2
            },
            "ssisProperties": {
                "catalogInfo": {
                    "catalogServerEndpoint": "app0094-sqlserver-dev-s2.database.windows.net",
                    "catalogAdminUserName": "devadm",
                    "catalogAdminPassword": {
                        "type": "SecureString",
                        "value": "**********"
                    },
                    "catalogPricingTier": "S1"
                },
                "edition": "Standard",
                "licenseType": "BasePrice",
                "dataProxyProperties": {
                    "connectVia": {
                        "type": "IntegrationRuntimeReference",
                        "referenceName": "SelfHostedIntegrationRunTime"
                    },
                    "stagingLinkedService": {
                        "type": "LinkedServiceReference",
                        "referenceName": "AzureBlobStorage1"
                    }
                }
            }
        }
    }
}