{
    "name": "AZDS_SNK_KIOSK_Auditing",
    "properties": {
        "linkedServiceName": {
            "referenceName": "AZLS_BlobStorage_KIOSK_Auditing",
            "type": "LinkedServiceReference",
            "parameters": {
                "KIOSK_endpoint": {
                    "value": "@dataset().KIOSK_endpoint",
                    "type": "Expression"
                }
            }
        },
        "parameters": {
            "KIOSK_endpoint": {
                "type": "string"
            },
            "KIOSK_Container": {
                "type": "string"
            },
            "KIOSK_Filename": {
                "type": "string"
            }
        },
        "annotations": [],
        "type": "DelimitedText",
        "typeProperties": {
            "location": {
                "type": "AzureBlobStorageLocation",
                "fileName": {
                    "value": "@concat(dataset().KIOSK_Filename)",
                    "type": "Expression"
                },
                "container": {
                    "value": "@dataset().KIOSK_Container",
                    "type": "Expression"
                }
            },
            "columnDelimiter": ",",
            "escapeChar": "\\",
            "firstRowAsHeader": true,
            "quoteChar": "\""
        },
        "schema": [
            {
                "name": "Business_ID",
                "type": "String"
            },
            {
                "name": "Business_Description",
                "type": "String"
            },
            {
                "name": "Sub_Function_ID",
                "type": "String"
            },
            {
                "name": "Sub_Function_Description",
                "type": "String"
            },
            {
                "name": "Service_Line_ID",
                "type": "String"
            },
            {
                "name": "Service_Line_Description",
                "type": "String"
            },
            {
                "name": "Geography_ID",
                "type": "String"
            },
            {
                "name": "Geography_Description",
                "type": "String"
            },
            {
                "name": "Member_Firm",
                "type": "String"
            },
            {
                "name": "Member_Firm_Description",
                "type": "String"
            },
            {
                "name": "Value_Type",
                "type": "String"
            },
            {
                "name": "Value_Type_Desc",
                "type": "String"
            },
            {
                "name": "Fiscal_Year",
                "type": "String"
            },
            {
                "name": "Fiscal_Period",
                "type": "String"
            },
            {
                "name": "Fiscal_Period_Desc",
                "type": "String"
            },
            {
                "name": "Levels",
                "type": "String"
            },
            {
                "name": "Hours",
                "type": "String"
            },
            {
                "name": "Headcounts",
                "type": "String"
            }
        ]
    }
}